Date,Log_Total_Return_SP,Mkt-RF,SMB,HML,RF
1926-07-01,0.030626193541760747,2.89,-2.55,-2.39,0.22
1926-08-01,0.028490270399627426,2.64,-1.14,3.81,0.25
1926-09-01,0.006081470315867954,0.38,-1.36,0.05,0.23
1926-10-01,-0.029943876373072074,-3.27,-0.14,0.82,0.32
1926-11-01,0.02810143011087478,2.54,-0.11,-0.61,0.31
1926-12-01,0.028587456851912472,2.62,-0.07,0.06,0.28
1927-01-01,0.001998002662673058,-0.05,-0.32,4.58,0.25
1927-02-01,0.043346804503365866,4.17,0.07,2.72,0.26
1927-03-01,0.004390348301292854,0.14,-1.77,-2.38,0.3
1927-04-01,0.007174203748000453,0.47,0.39,0.65,0.25
1927-05-01,0.055907631938296086,5.45,1.55,4.8,0.3
1927-06-01,-0.02142794741362045,-2.38,0.51,-1.72,0.26
1927-07-01,0.07287864541257266,7.26,-3.27,-1.13,0.3
1927-08-01,0.022446188829829995,1.99,-0.77,-3.85,0.28
1927-09-01,0.04859966983606241,4.77,-3.6,-0.57,0.21
1927-10-01,-0.041238748016597535,-4.29,2.03,-4.47,0.25
1927-11-01,0.06513209493778215,6.52,2.78,-0.08,0.21
1927-12-01,0.022837233902757128,2.09,0.98,-1.12,0.22
1928-01-01,-0.0032051309489483358,-0.57,4.2,-0.71,0.25
1928-02-01,-0.013693327132002454,-1.69,-2.06,-0.64,0.33
1928-03-01,0.0869113719892964,8.79,-0.38,-1.11,0.29
1928-04-01,0.0437297628613252,4.25,4.14,3.25,0.22
1928-05-01,0.018232768261059684,1.52,2.7,-3.0,0.32
1928-06-01,-0.04698679122433687,-4.9,-3.76,0.28,0.31
1928-07-01,0.009455158770755197,0.63,-1.36,-0.54,0.32
1928-08-01,0.06775210205081852,6.69,-2.04,-2.13,0.32
1928-09-01,0.03091710263472161,2.87,2.4,0.84,0.27
1928-10-01,0.01705375456582762,1.31,2.24,-2.14,0.41
1928-11-01,0.11511280710050467,11.82,-1.82,2.65,0.38
1928-12-01,0.004589452333807224,0.4,-0.93,-0.52,0.06
1929-01-01,0.04879016416943205,4.66,-3.35,-1.22,0.34
1929-02-01,0.0001999800026662447,-0.34,-0.33,1.66,0.36
1929-03-01,-0.005113049386823014,-0.85,-4.91,1.57,0.34
1929-04-01,0.018134570195482678,1.47,-1.12,0.93,0.36
1929-05-01,-0.06123730947118945,-6.38,-5.44,-1.52,0.44
1929-06-01,0.09730818246699798,9.7,-2.14,-2.74,0.52
1929-07-01,0.04697900119399464,4.48,-3.87,2.67,0.33
1929-08-01,0.08194858264716733,8.14,-9.75,0.32,0.4
1929-09-01,-0.052346480372209236,-5.45,1.34,-0.79,0.35
1929-10-01,-0.21828039564822183,-20.07,-4.95,7.54,0.46
1929-11-01,-0.13353139262452263,-12.87,-0.88,5.05,0.37
1929-12-01,0.01636535408626423,1.28,-4.1,-0.14,0.37
1930-01-01,0.055907631938296086,5.61,3.49,-1.03,0.14
1930-02-01,0.02761516703297339,2.5,0.28,0.28,0.3
1930-03-01,0.07176236622689079,7.09,3.39,0.3,0.35
1930-04-01,-0.018571385585435342,-2.05,-0.35,-0.37,0.21
1930-05-01,-0.014098924379501648,-1.66,-2.1,-0.74,0.26
1930-06-01,-0.17209403663851877,-16.08,-3.59,2.4,0.27
1930-07-01,0.042292912190251365,4.12,-0.27,-1.7,0.2
1930-08-01,0.0038924147153438535,0.3,-2.16,-0.59,0.09
1930-09-01,-0.1345604933956948,-12.81,-2.41,-5.09,0.22
1930-10-01,-0.0909098753598426,-8.78,-0.2,-1.09,0.09
1930-11-01,-0.029531802606037858,-3.04,2.46,-3.81,0.13
1930-12-01,-0.0803427526825385,-7.86,-4.67,-5.69,0.14
1931-01-01,0.0620353909194527,6.25,3.47,8.24,0.15
1931-02-01,0.10363903475948588,10.88,3.45,1.63,0.04
1931-03-01,-0.06421857232665117,-6.35,2.83,-3.2,0.13
1931-04-01,-0.10447202159671107,-10.0,-4.22,-4.33,0.08
1931-05-01,-0.14156356432178688,-13.29,5.22,-6.31,0.09
1931-06-01,0.13111597785753695,13.93,-5.01,11.7,0.08
1931-07-01,-0.06795769318322709,-6.63,1.49,-2.2,0.06
1931-08-01,0.004290781417156246,0.4,-2.08,-1.7,0.03
1931-09-01,-0.33841412085855416,-28.74,-1.02,-7.24,0.03
1931-10-01,0.07779402744002016,7.99,-0.28,3.12,0.1
1931-11-01,-0.09398106347089395,-9.14,4.4,-5.19,0.17
1931-12-01,-0.1438703704197019,-13.52,-0.87,-9.19,0.12
1932-01-01,-0.013490590182499144,-1.57,4.41,9.74,0.23
1932-02-01,0.055245474225978475,5.45,-2.51,-1.47,0.23
1932-03-01,-0.11810808848032889,-11.3,2.13,-2.2,0.16
1932-04-01,-0.1963799140449949,-17.94,0.93,2.07,0.11
1932-05-01,-0.2287844312042955,-20.51,4.21,-4.08,0.06
1932-06-01,-0.0075282664207915245,-0.77,0.4,5.85,0.02
1932-07-01,0.28990460080487823,33.61,-4.29,35.52,0.02
1932-08-01,0.31590503139552084,37.12,13.46,34.2,0.03
1932-09-01,-0.029531802606037858,-2.94,-2.15,-7.37,0.03
1932-10-01,-0.1407574377162622,-13.15,-2.59,-10.47,0.02
1932-11-01,-0.06038715001509513,-5.88,1.83,-13.19,0.02
1932-12-01,0.043346804503365866,4.42,-8.3,-7.54,0.01
1933-01-01,0.01242251999855711,1.24,0.73,6.46,0.01
1933-02-01,-0.16629073972142697,-15.29,-2.63,-2.92,-0.03
1933-03-01,0.03052920503482279,3.06,3.6,7.09,0.04
1933-04-01,0.3286560554212065,38.81,3.02,20.1,0.1
1933-05-01,0.19449713272408817,21.43,35.96,18.66,0.04
1933-06-01,0.12327901616017124,13.1,8.65,-1.64,0.02
1933-07-01,-0.10114718200495781,-9.64,-1.06,3.3,0.02
1933-08-01,0.11395349007584528,12.04,-5.16,3.05,0.03
1933-09-01,-0.11238513059479083,-10.65,-0.58,-11.71,0.02
1933-10-01,-0.08719321170237737,-8.36,-0.07,-8.49,0.01
1933-11-01,0.095219266580934,9.97,-6.37,2.27,0.02
1933-12-01,0.018232768261059684,1.82,0.36,-1.99,0.02
1934-01-01,0.11911548089016212,12.6,13.21,16.2,0.05
1934-02-01,-0.025215249141063763,-2.51,5.05,1.86,0.02
1934-03-01,0.0010993954433010642,0.09,2.45,-2.59,0.02
1934-04-01,-0.01796032537699287,-1.79,2.73,-3.83,0.01
1934-05-01,-0.07526248450054686,-7.26,-0.31,-5.9,0.01
1934-06-01,0.02683665395355957,2.71,-2.18,-2.85,0.01
1934-07-01,-0.1157476085443132,-10.94,-7.12,-10.76,0.01
1934-08-01,0.0543934838303317,5.58,5.55,0.17,0.01
1934-09-01,-0.002302649062675558,-0.24,-1.5,-1.21,0.01
1934-10-01,-0.01663764115302325,-1.66,1.23,-5.0,0.01
1934-11-01,0.08010424424166136,8.33,6.6,-2.14,0.01
1934-12-01,0.0036931718376176067,0.36,3.28,-3.16,0.01
1935-01-01,-0.035109177113567896,-3.46,0.96,-1.77,0.01
1935-02-01,-0.01959064976500415,-1.96,0.32,-7.48,0.02
1935-03-01,-0.03770186718401153,-3.71,-3.43,-5.03,0.01
1935-04-01,0.08681969195256017,9.06,-1.58,4.37,0.01
1935-05-01,0.03411152962876782,3.46,-3.2,2.45,0.01
1935-06-01,0.057702710128289154,5.93,-2.53,-1.52,0.01
1935-07-01,0.0727856697256476,7.54,2.02,6.58,0.01
1935-08-01,0.0262523711440657,2.65,6.01,6.29,0.01
1935-09-01,0.025960101669531624,2.62,1.55,-4.12,0.01
1935-10-01,0.06803241039182698,7.03,2.67,-2.33,0.01
1935-11-01,0.0477419959854211,4.87,4.65,12.2,0.02
1935-12-01,0.04459088332787522,4.55,0.09,0.83,0.01
1936-01-01,0.06672363204290813,6.89,5.6,10.95,0.01
1936-02-01,0.024692612590371414,2.49,0.84,4.33,0.01
1936-03-01,0.009752291442678302,0.96,0.69,-1.59,0.02
1936-04-01,-0.08468680816719391,-8.14,-5.99,-2.28,0.02
1936-05-01,0.050788166832105096,5.19,0.89,2.55,0.02
1936-06-01,0.024009452460351854,2.4,-3.22,-1.19,0.03
1936-07-01,0.0647572472152785,6.68,1.07,2.53,0.01
1936-08-01,0.010049335853001438,0.99,0.61,3.79,0.02
1936-09-01,0.009752291442678302,0.97,3.12,0.94,0.01
1936-10-01,0.06877951539482563,7.1,-2.35,2.51,0.02
1936-11-01,0.0321767316952212,3.26,8.7,-1.25,0.01
1936-12-01,0.001998002662673058,0.2,3.87,4.14,0.0
1937-01-01,0.03304785404620042,3.35,4.49,2.78,0.01
1937-02-01,0.010939940038334263,1.08,0.64,4.28,0.02
1937-03-01,-0.002503130218118477,-0.26,-1.25,7.04,0.01
1937-04-01,-0.07612539038949137,-7.36,-3.72,-3.46,0.03
1937-05-01,-0.0077297980619412685,-0.83,-0.69,-3.46,0.06
1937-06-01,-0.04290750101127655,-4.23,-3.91,-3.12,0.03
1937-07-01,0.08562708596743697,8.91,0.88,0.81,0.03
1937-08-01,-0.04982069498395592,-4.88,0.45,-2.25,0.02
1937-09-01,-0.1459510554843043,-13.62,-7.0,-4.55,0.04
1937-10-01,-0.1005941152357026,-9.59,0.45,-1.52,0.02
1937-11-01,-0.0867568639262819,-8.33,-3.56,0.22,0.02
1937-12-01,-0.043847399780276325,-4.29,-7.92,-0.47,0.0
1938-01-01,0.004788516731797094,0.48,4.84,-1.53,0.0
1938-02-01,0.05685281159278279,5.85,0.41,-1.97,0.0
1938-03-01,-0.2733847677509566,-23.91,-4.3,-3.63,-0.01
1938-04-01,0.13531729694762964,14.48,6.4,0.45,0.01
1938-05-01,-0.0393647235222767,-3.86,-2.47,-0.24,0.0
1938-06-01,0.2142238891395562,23.89,4.22,0.37,0.0
1938-07-01,0.07064483956933196,7.33,6.69,2.28,-0.01
1938-08-01,-0.02716566807276955,-2.68,-2.48,-4.78,0.0
1938-09-01,0.008464078412129364,0.83,-2.68,-1.7,0.02
1938-10-01,0.07520023256293525,7.8,5.81,5.04,0.01
1938-11-01,-0.01816397062767118,-1.74,-2.55,-1.2,-0.06
1938-12-01,0.040757992472167826,4.16,-1.81,0.54,0.0
1939-01-01,-0.06166266039210687,-5.97,-1.54,-3.92,-0.01
1939-02-01,0.034594644764498965,3.51,0.61,2.92,0.01
1939-03-01,-0.1282880203015309,-12.03,-4.75,-8.27,-0.01
1939-04-01,-0.0018016219466282088,-0.18,1.67,-0.3,0.0
1939-05-01,0.06597498892353292,6.81,2.8,0.47,0.01
1939-06-01,-0.05466740134230821,-5.33,-1.09,-5.28,0.01
1939-07-01,0.09730818246699798,10.22,4.18,0.13,0.0
1939-08-01,-0.06924290274216072,-6.68,-4.59,-2.47,-0.01
1939-09-01,0.15614868248993138,16.89,20.57,21.76,0.01
1939-10-01,-0.005314094823768765,-0.53,-0.08,-4.79,0.0
1939-11-01,-0.03718279112771595,-3.65,-5.12,-6.3,0.0
1939-12-01,0.02887895955037677,2.93,0.92,-4.19,0.0
1940-01-01,-0.0243951568347216,-2.41,0.23,-0.77,0.0
1940-02-01,0.014297304700824394,1.44,2.52,-0.36,0.0
1940-03-01,0.020292703267762394,2.05,1.24,-1.27,0.0
1940-04-01,0.0021975835434872013,0.22,3.99,-0.22,0.0
1940-05-01,-0.24871780243364003,-22.0,-6.62,-3.72,-0.02
1940-06-01,0.0647572472152785,6.69,-2.32,4.88,0.0
1940-07-01,0.03130484982841253,3.17,0.99,-0.75,0.01
1940-08-01,0.02176149178151271,2.21,-0.18,0.55,-0.01
1940-09-01,0.023618865598634027,2.39,3.2,-1.14,0.0
1940-10-01,0.029850021968885292,3.03,0.33,4.65,0.0
1940-11-01,-0.01663764115302325,-1.65,1.98,0.16,0.0
1940-12-01,0.006876303939432064,0.69,-2.12,-0.89,0.0
1941-01-01,-0.042803122325309445,-4.18,0.98,3.83,-0.01
1941-02-01,-0.014504686202881688,-1.43,-1.56,0.89,-0.01
1941-03-01,0.008464078412129364,0.84,0.09,3.05,0.01
1941-04-01,-0.05625294155079841,-5.46,-1.67,3.41,-0.01
1941-05-01,0.013607003406216947,1.37,-0.64,0.61,0.0
1941-06-01,0.056663847117541764,5.83,1.31,0.61,0.0
1941-07-01,0.05732506661926935,5.87,5.74,7.24,0.03
1941-08-01,-0.0016012813669738792,-0.17,-0.43,-1.1,0.01
1941-09-01,-0.008738065943285299,-0.88,-0.98,-0.27,0.01
1941-10-01,-0.054033888492485624,-5.26,-2.07,1.63,0.0
1941-11-01,-0.019692633345736045,-1.95,-1.08,-0.6,0.0
1941-12-01,-0.04992580876972568,-4.88,-2.86,-5.94,0.01
1942-01-01,0.008067371077758793,0.79,7.45,10.1,0.02
1942-02-01,-0.024805118918971115,-2.46,1.74,-1.15,0.01
1942-03-01,-0.06817178010333398,-6.6,1.87,-0.61,0.01
1942-04-01,-0.04457904339796736,-4.37,-0.44,2.09,0.01
1942-05-01,0.058174564051072235,5.96,-3.2,-2.67,0.03
1942-06-01,0.026641930946421092,2.68,-1.28,0.43,0.02
1942-07-01,0.034787825485664024,3.51,-0.15,2.41,0.03
1942-08-01,0.018134570195482678,1.8,-0.04,1.33,0.03
1942-09-01,0.02615495747685118,2.62,0.63,2.39,0.03
1942-10-01,0.06625579577706527,6.82,1.69,6.47,0.03
1942-11-01,0.0015987213636970735,0.13,-1.42,-4.23,0.03
1942-12-01,0.050407902543845765,5.14,-2.55,0.55,0.03
1943-01-01,0.06915285868831672,7.13,8.77,8.23,0.03
1943-02-01,0.060059756427662876,6.16,4.84,6.52,0.03
1943-03-01,0.058834785720892555,6.03,5.13,5.49,0.03
1943-04-01,0.008364916331627672,0.81,2.09,5.86,0.03
1943-05-01,0.05609673935187022,5.75,4.46,3.28,0.02
1943-06-01,0.01833095668472342,1.82,-0.98,-0.75,0.03
1943-07-01,-0.04866517198128101,-4.78,-2.31,-2.23,0.03
1943-08-01,0.0132123314721349,1.3,-0.64,-0.47,0.03
1943-09-01,0.024009452460351854,2.4,1.3,1.42,0.03
1943-10-01,-0.011263192278710714,-1.15,0.6,1.68,0.03
1943-11-01,-0.06081213939675736,-5.93,-1.57,-3.99,0.03
1943-12-01,0.0620353909194527,6.37,3.1,2.9,0.03
1944-01-01,0.017545179215748864,1.74,2.61,2.29,0.03
1944-02-01,0.003992021269537457,0.37,-0.08,0.85,0.03
1944-03-01,0.02449747160038737,2.46,1.65,3.35,0.02
1944-04-01,-0.016739324004297996,-1.69,-1.31,-1.06,0.03
1944-05-01,0.049837234847171584,5.08,1.68,1.03,0.03
1944-06-01,0.05391984198943033,5.51,4.11,1.89,0.03
1944-07-01,-0.014707628872274288,-1.49,0.58,-0.42,0.03
1944-08-01,0.01577491911536224,1.56,2.37,-1.44,0.03
1944-09-01,0.0003999200213268913,0.02,0.48,-1.2,0.02
1944-10-01,0.0018981972830802655,0.16,-0.16,-0.36,0.03
1944-11-01,0.017250353406527672,1.71,0.35,2.38,0.03
1944-12-01,0.03979746987406606,4.04,2.23,5.87,0.02
1945-01-01,0.020194707285519253,2.01,2.45,0.68,0.03
1945-02-01,0.06062462181643484,6.23,1.62,4.43,0.02
1945-03-01,-0.039676817152898426,-3.91,-1.66,-1.57,0.02
1945-04-01,0.07538572690588966,7.8,0.48,3.11,0.03
1945-05-01,0.017545179215748864,1.74,1.53,0.34,0.03
1945-06-01,0.0040916179032535575,0.39,3.14,4.27,0.02
1945-07-01,-0.02163230012711384,-2.17,-1.45,-2.73,0.03
1945-08-01,0.06062462181643484,6.22,1.6,-4.4,0.03
1945-09-01,0.04688358589885046,4.77,1.74,0.46,0.03
1945-10-01,0.038451186374252634,3.89,2.36,2.14,0.03
1945-11-01,0.05278218543896948,5.4,4.18,4.35,0.02
1945-12-01,0.012126179797840555,1.19,2.16,-2.4,0.03
1946-01-01,0.0608128393965124,6.24,3.98,2.28,0.03
1946-02-01,-0.05985616715336565,-5.84,-0.68,-1.27,0.03
1946-03-01,0.05741949086748642,5.88,0.3,-0.37,0.03
1946-04-01,0.04171759335186847,4.23,2.37,0.46,0.03
1946-05-01,0.03893221000178754,3.94,1.48,1.1,0.03
1946-06-01,-0.0393647235222767,-3.89,-1.55,-0.53,0.03
1946-07-01,-0.02696018158278308,-2.69,-1.91,0.05,0.03
1946-08-01,-0.06646036670026981,-6.46,-1.8,0.6,0.03
1946-09-01,-0.10702857275852336,-10.18,-4.43,-1.97,0.03
1946-10-01,-0.0142003494011414,-1.44,0.17,3.45,0.03
1946-11-01,9.999500033329732e-05,-0.02,-0.37,1.53,0.03
1946-12-01,0.04879016416943205,4.97,0.0,-1.41,0.03
1947-01-01,0.012718772407774612,1.25,2.2,-0.74,0.03
1947-02-01,-0.010656580188528888,-1.09,0.7,0.14,0.03
1947-03-01,-0.01663764115302325,-1.68,-1.6,0.61,0.03
1947-04-01,-0.048875167782136686,-4.8,-3.97,0.85,0.03
1947-05-01,-0.009343515003152466,-0.96,-3.27,0.32,0.03
1947-06-01,0.051928092860359105,5.3,-0.33,-0.64,0.03
1947-07-01,0.040757992472167826,4.13,1.47,2.76,0.03
1947-08-01,-0.01724789340955339,-1.74,0.33,0.14,0.03
1947-09-01,-0.004811556997222082,-0.54,1.62,1.36,0.06
1947-10-01,0.0249852526939086,2.47,0.52,0.11,0.06
1947-11-01,-0.019488676583862413,-1.99,-1.69,1.07,0.06
1947-12-01,0.030432207120201914,3.01,-2.47,3.74,0.08
1948-01-01,-0.0393647235222767,-3.93,2.52,1.38,0.07
1948-02-01,-0.0440563861969199,-4.38,-1.7,0.05,0.07
1948-03-01,0.07881118042428985,8.11,0.12,4.52,0.09
1948-04-01,0.03662118345564541,3.65,-1.64,4.12,0.08
1948-05-01,0.071389996086673,7.32,0.87,-1.27,0.08
1948-06-01,-0.0002000200026670447,-0.11,-1.78,2.84,0.09
1948-07-01,-0.05129329438755058,-5.08,-0.38,0.11,0.08
1948-08-01,0.0032945669494301114,0.24,-1.13,0.29,0.09
1948-09-01,-0.029943876373072074,-2.99,-1.27,-1.77,0.04
1948-10-01,0.058268908123975824,5.96,-1.48,0.58,0.04
1948-11-01,-0.09761282886700041,-9.34,-0.61,-4.15,0.04
1948-12-01,0.03246719013750141,3.26,-2.85,-1.95,0.04
1949-01-01,0.0032945669494301114,0.23,1.71,1.25,0.1
1949-02-01,-0.0288110818541196,-2.93,-1.87,-0.89,0.09
1949-03-01,0.04066198171888972,4.05,2.48,1.31,0.1
1949-04-01,-0.01796032537699287,-1.87,-0.92,-1.12,0.09
1949-05-01,-0.029222858676903284,-2.98,-0.78,-2.39,0.1
1949-06-01,0.001998002662673058,0.1,-0.86,-1.65,0.1
1949-07-01,0.05477223584697948,5.54,0.55,0.39,0.09
1949-08-01,0.02644717001484823,2.59,0.14,-0.59,0.09
1949-09-01,0.03130484982841253,3.09,1.05,0.23,0.09
1949-10-01,0.031789322489407336,3.14,1.03,-0.49,0.09
1949-11-01,0.01872361399810251,1.81,-0.94,-0.9,0.08
1949-12-01,0.050978244764629456,5.14,2.08,1.73,0.09
1950-01-01,0.017741681476157126,1.7,3.34,0.15,0.09
1950-02-01,0.015578029963318462,1.48,0.02,-0.79,0.09
1950-03-01,0.0135083500247923,1.26,-1.43,-2.78,0.1
1950-04-01,0.03950913309471249,3.94,2.0,1.33,0.09
1950-05-01,0.043251041994314954,4.32,-2.13,0.47,0.1
1950-06-01,-0.06038715001509513,-5.96,-2.41,-0.79,0.1
1950-07-01,0.014593002302900086,1.37,0.54,13.69,0.1
1950-08-01,0.04840913920768763,4.86,0.74,-1.37,0.1
1950-09-01,0.04802796901058147,4.82,0.59,-1.1,0.1
1950-10-01,-0.0007002451143934259,-0.19,-0.66,1.36,0.12
1950-11-01,0.02810143011087478,2.74,-0.89,3.19,0.11
1950-12-01,0.055245474225978475,5.57,1.53,7.27,0.11
1951-01-01,0.056663847117541764,5.7,1.67,3.79,0.13
1951-02-01,0.014888612493750559,1.4,0.14,-2.79,0.1
1951-03-01,-0.02071304159754157,-2.16,-0.66,-4.26,0.11
1951-04-01,0.0486949215387586,4.86,-1.48,3.26,0.13
1951-05-01,-0.02265469056480615,-2.36,-0.08,-1.42,0.12
1951-06-01,-0.025420377346911223,-2.63,-1.96,-3.98,0.12
1951-07-01,0.06840603266406037,6.95,-2.05,2.0,0.13
1951-08-01,0.043251041994314954,4.29,0.95,-0.17,0.13
1951-09-01,0.008166562666393401,0.7,1.86,0.62,0.12
1951-10-01,-0.023985362750511198,-2.53,-0.23,0.18,0.16
1951-11-01,0.006876303939432064,0.58,-0.33,-0.08,0.11
1951-12-01,0.033918218203460644,3.33,-2.24,-1.55,0.12
1952-01-01,0.015873349156290163,1.45,-0.65,1.48,0.15
1952-02-01,-0.025522957231085892,-2.64,0.85,-0.62,0.12
1952-03-01,0.044495239886551304,4.44,-2.97,2.23,0.11
1952-04-01,-0.04971559224593286,-4.97,0.49,-0.03,0.12
1952-05-01,0.03275756423817229,3.2,-1.0,0.02,0.13
1952-06-01,0.03912455468405008,3.84,-1.63,1.24,0.15
1952-07-01,0.010544213875671097,0.91,-0.41,-0.32,0.15
1952-08-01,-0.0062192998139168326,-0.77,1.15,0.09,0.15
1952-09-01,-0.018978966597802856,-2.04,1.09,-1.42,0.16
1952-10-01,-0.005213567052887434,-0.66,-1.03,-0.55,0.14
1952-11-01,0.058834785720892555,5.96,-0.72,1.02,0.1
1952-12-01,0.030432207120201914,2.93,-1.51,0.19,0.16
1953-01-01,-0.0018016219466282088,-0.34,3.54,1.28,0.16
1953-02-01,-0.0013008457330480696,-0.27,2.22,-0.05,0.14
1953-03-01,-0.012680053157374483,-1.44,-0.21,-0.84,0.18
1953-04-01,-0.027062919549689073,-2.83,0.26,1.55,0.16
1953-05-01,0.006776984279023669,0.51,-0.05,0.25,0.17
1953-06-01,-0.01724789340955339,-1.89,-1.89,-0.5,0.18
1953-07-01,0.025180298530298326,2.4,-1.04,-0.25,0.15
1953-08-01,-0.044892768890736685,-4.56,0.37,-3.52,0.17
1953-09-01,0.0036931718376176067,0.21,-0.85,-2.44,0.16
1953-10-01,0.04621542379696289,4.6,-1.36,-0.19,0.13
1953-11-01,0.028781801425451947,2.84,-1.3,-0.15,0.08
1953-12-01,0.0014988761237359487,0.02,-0.85,-2.83,0.13
1954-01-01,0.05107327018400062,5.13,0.5,3.45,0.11
1954-02-01,0.017250353406527672,1.67,-0.18,-0.27,0.07
1954-03-01,0.03671758293516286,3.66,-0.5,-1.45,0.08
1954-04-01,0.042676274280436396,4.27,-3.47,-0.37,0.09
1954-05-01,0.03101405352916954,3.1,0.39,2.45,0.05
1954-06-01,0.011335509663745679,1.08,0.38,0.02,0.06
1954-07-01,0.04926624130291805,5.0,1.05,4.14,0.05
1954-08-01,-0.02326862693935433,-2.35,2.68,-1.42,0.05
1954-09-01,0.062880898039201,6.4,-2.56,0.68,0.09
1954-10-01,-0.016129381929883644,-1.67,0.61,0.64,0.07
1954-11-01,0.0904803531283746,9.41,-2.65,4.45,0.06
1954-12-01,0.054204054013512186,5.49,2.18,5.68,0.08
1955-01-01,0.006776984279023669,0.6,0.24,2.1,0.08
1955-02-01,0.030626193541760747,3.02,1.55,0.61,0.09
1955-03-01,-0.0005001250416822429,-0.15,-0.65,1.93,0.1
1955-04-01,0.03159556158975058,3.11,-1.75,0.75,0.1
1955-05-01,0.010742096531902029,0.94,-0.25,-0.96,0.14
1955-06-01,0.06438225892926822,6.55,-4.61,1.85,0.1
1955-07-01,0.01970458327433543,1.89,-1.2,0.39,0.1
1955-08-01,0.0037927982386962624,0.22,-0.46,0.75,0.16
1955-09-01,-0.0021022080918701985,-0.37,0.3,-1.01,0.16
1955-10-01,-0.025215249141063763,-2.67,1.46,-0.11,0.18
1955-11-01,0.06961934188005707,7.04,-2.2,0.33,0.17
1955-12-01,0.01656208829897823,1.49,1.98,-2.11,0.18
1956-01-01,-0.02850236047271215,-3.03,0.5,0.82,0.22
1956-02-01,0.03893221000178754,3.78,-0.97,-0.46,0.19
1956-03-01,0.06569410319536252,6.64,-2.13,-0.49,0.15
1956-04-01,0.0046889894861314695,0.28,-0.03,-0.16,0.19
1956-05-01,-0.05118803676943319,-5.22,1.5,-1.32,0.23
1956-06-01,0.03604259134692931,3.47,-1.53,-1.1,0.2
1956-07-01,0.04936142953772409,4.84,-1.69,-0.07,0.22
1956-08-01,-0.030665414310885153,-3.19,1.89,-0.73,0.17
1956-09-01,-0.05087233037375655,-5.14,1.6,1.75,0.18
1956-10-01,0.00767050630421974,0.52,-0.12,-0.07,0.25
1956-11-01,0.005484930230569745,0.35,-0.21,1.76,0.2
1956-12-01,0.03343477608623742,3.16,-0.02,-2.15,0.24
1957-01-01,-0.033556783528842754,-3.57,3.38,2.83,0.27
1957-02-01,-0.018469516283661322,-2.07,-0.75,-0.66,0.24
1957-03-01,0.023325825303496757,2.13,0.33,-0.53,0.23
1957-04-01,0.044112574618320875,4.26,-1.57,-1.47,0.25
1957-05-01,0.03652477468237217,3.46,-1.08,-2.01,0.26
1957-06-01,-0.005113049386823014,-0.75,0.59,-0.03,0.24
1957-07-01,0.009554212804811711,0.66,-0.8,0.48,0.3
1957-08-01,-0.04992580876972568,-5.12,0.06,-0.45,0.25
1957-09-01,-0.059007180580032424,-5.99,0.06,0.95,0.26
1957-10-01,-0.04113454335855504,-4.32,-2.46,-1.88,0.29
1957-11-01,0.025570276111530045,2.31,0.4,-2.91,0.28
1957-12-01,-0.037286584786016604,-3.9,-0.91,-1.76,0.24
1958-01-01,0.048123275181728174,4.65,4.29,4.34,0.28
1958-02-01,-0.0142003494011414,-1.53,0.75,0.23,0.12
1958-03-01,0.03304785404620042,3.27,0.69,-1.03,0.09
1958-04-01,0.03120792712419322,3.09,-0.69,1.64,0.08
1958-05-01,0.024009452460351854,2.32,2.16,-0.2,0.11
1958-06-01,0.029170377299779924,2.93,-0.14,0.31,0.03
1958-07-01,0.04363403702006128,4.39,0.47,3.07,0.07
1958-08-01,0.01921421892380437,1.9,1.15,0.33,0.04
1958-09-01,0.047360571359837574,4.66,0.08,2.8,0.19
1958-10-01,0.02673929718962151,2.53,1.05,-1.13,0.18
1958-11-01,0.03072317264284048,3.01,2.05,-1.17,0.11
1958-12-01,0.05240267879304842,5.16,-2.02,0.06,0.22
1959-01-01,0.009157937784765724,0.71,3.02,2.92,0.21
1959-02-01,0.011335509663745679,0.95,1.48,1.15,0.19
1959-03-01,0.004987541511038968,0.28,1.45,-0.34,0.22
1959-04-01,0.03787365242808149,3.66,-0.68,-1.24,0.2
1959-05-01,0.019312311032372884,1.73,-2.1,1.8,0.22
1959-06-01,0.0,-0.24,0.67,1.32,0.24
1959-07-01,0.033724869401620894,3.18,-0.35,0.27,0.25
1959-08-01,-0.011971371781219958,-1.38,-0.78,0.44,0.19
1959-09-01,-0.046043938501406846,-4.81,-0.15,0.53,0.31
1959-10-01,0.015676479385007616,1.28,1.52,-2.1,0.3
1959-11-01,0.018429135468367143,1.6,1.26,-3.22,0.26
1959-12-01,0.02761516703297339,2.46,-0.63,-0.01,0.34
1960-01-01,-0.06881431600035975,-6.98,2.12,2.65,0.33
1960-02-01,0.01439588028373234,1.16,0.6,-1.97,0.29
1960-03-01,-0.012882625831013718,-1.63,-0.55,-2.75,0.35
1960-04-01,-0.015316704111893288,-1.71,0.22,-2.14,0.19
1960-05-01,0.03333805961051041,3.12,1.29,-3.73,0.27
1960-06-01,0.02293497128249599,2.08,-0.28,-0.27,0.24
1960-07-01,-0.02265469056480615,-2.37,-0.52,2.1,0.13
1960-08-01,0.03120792712419322,3.0,0.69,-0.18,0.17
1960-09-01,-0.0601747230360701,-6.0,-1.12,1.68,0.16
1960-10-01,-0.004912044361020641,-0.71,-4.09,2.83,0.22
1960-11-01,0.04707440738592885,4.69,0.38,-2.39,0.13
1960-12-01,0.0477419959854211,4.73,-1.58,-0.77,0.16
1961-01-01,0.06194140154018336,6.2,0.6,3.65,0.19
1961-02-01,0.036428356613551406,3.57,3.89,-0.58,0.14
1961-03-01,0.030432207120201914,2.89,3.22,-0.82,0.2
1961-04-01,0.004589452333807224,0.29,0.07,2.13,0.17
1961-05-01,0.02547279597303107,2.4,1.97,0.38,0.18
1961-06-01,-0.029222858676903284,-3.08,-2.49,-0.09,0.2
1961-07-01,0.029655884907510675,2.83,-1.94,-0.08,0.18
1961-08-01,0.02673929718962151,2.57,-1.71,-0.3,0.14
1961-09-01,-0.01999864650668997,-2.15,-1.07,-0.61,0.17
1961-10-01,0.02732329564889041,2.58,-1.61,0.18,0.19
1961-11-01,0.044973365642731196,4.45,1.26,-1.22,0.15
1961-12-01,0.0001999800026662447,-0.17,-0.87,1.76,0.19
1962-01-01,-0.03697523612489531,-3.87,1.74,5.11,0.24
1962-02-01,0.019900661706336174,1.81,-1.15,0.82,0.2
1962-03-01,-0.004811556997222082,-0.68,0.66,-1.58,0.2
1962-04-01,-0.06581934103729359,-6.59,-0.85,0.14,0.22
1962-05-01,-0.08795727875914203,-8.66,-3.14,2.73,0.24
1962-06-01,-0.08664780672567217,-8.5,-0.46,2.42,0.2
1962-07-01,0.06335031550076162,6.27,1.52,-3.37,0.27
1962-08-01,0.023325825303496757,2.13,1.22,-1.12,0.23
1962-09-01,-0.051398563086000326,-5.22,-2.4,1.33,0.21
1962-10-01,0.00209779808214612,-0.05,-3.95,1.3,0.26
1962-11-01,0.10517049760553963,10.89,2.5,0.85,0.2
1962-12-01,0.012323749688831903,1.01,-3.76,0.32,0.23
1963-01-01,0.050598052763091435,4.94,3.01,2.24,0.25
1963-02-01,-0.021938907518753964,-2.4,0.46,2.15,0.23
1963-03-01,0.03256399087326258,3.08,-2.58,2.1,0.23
1963-04-01,0.04650183365141986,4.51,-1.26,1.0,0.25
1963-05-01,0.01980262729617973,1.76,1.08,2.55,0.24
1963-06-01,-0.017858518301313193,-2.0,-0.32,0.65,0.23
1963-07-01,-0.001200720576518877,-0.39,-0.57,-0.81,0.27
1963-08-01,0.051928092860359105,5.08,-0.95,1.7,0.25
1963-09-01,-0.01308523954865548,-1.57,-0.25,0.0,0.27
1963-10-01,0.027906953253007866,2.54,-0.57,-0.04,0.29
1963-11-01,-0.005917473764037623,-0.86,-1.16,1.73,0.27
1963-12-01,0.020978406385191814,1.83,-1.96,-0.21,0.29
1964-01-01,0.025082780367463243,2.24,-0.24,1.63,0.3
1964-02-01,0.017938145131012998,1.55,0.12,2.81,0.26
1964-03-01,0.01705375456582762,1.41,0.95,3.29,0.31
1964-04-01,0.0038924147153438535,0.1,-1.35,-0.54,0.29
1964-05-01,0.01656208829897823,1.41,-0.84,1.81,0.26
1964-06-01,0.015578029963318462,1.27,-0.23,0.68,0.3
1964-07-01,0.020194707285519253,1.74,0.19,0.79,0.3
1964-08-01,-0.0116678048676821,-1.44,0.01,0.07,0.28
1964-09-01,0.029267497680568143,2.69,-0.63,1.72,0.28
1964-10-01,0.008860628432196467,0.6,0.48,1.08,0.29
1964-11-01,0.002796087302001188,-0.01,0.62,-2.04,0.29
1964-12-01,0.003493889254255838,0.04,-0.24,-2.43,0.31
1965-01-01,0.037488444410991605,3.54,2.57,0.36,0.28
1965-02-01,0.007372754329413157,0.44,3.31,0.22,0.3
1965-03-01,-0.009848336054814406,-1.34,1.79,1.15,0.36
1965-04-01,0.03362818097998406,3.11,1.14,0.73,0.31
1965-05-01,-0.004711079730119223,-0.78,0.02,-1.55,0.31
1965-06-01,-0.05297892479088662,-5.51,-4.07,0.23,0.35
1965-07-01,0.017348638334613073,1.44,0.86,2.19,0.31
1965-08-01,0.030141156911986808,2.73,2.85,-0.98,0.33
1965-09-01,0.03120792712419322,2.86,0.63,-0.14,0.31
1965-10-01,0.02868463385990886,2.6,2.52,1.55,0.31
1965-11-01,0.0031948908965192886,-0.03,4.69,0.16,0.35
1965-12-01,0.013311014059672416,1.01,2.07,2.15,0.33
1966-01-01,0.010939940038334263,0.72,4.02,3.27,0.38
1966-02-01,-0.008637193395663588,-1.21,4.44,0.38,0.35
1966-03-01,-0.021530118550363214,-2.51,0.86,-2.13,0.38
1966-04-01,0.02439988682353512,2.13,3.44,-0.36,0.34
1966-05-01,-0.054033888492485624,-5.67,-4.6,-1.6,0.41
1966-06-01,-0.010656580188528888,-1.44,1.02,0.49,0.38
1966-07-01,-0.012882625831013718,-1.63,-0.35,0.91,0.35
1966-08-01,-0.07828591839854415,-7.94,-3.26,0.5,0.41
1966-09-01,-0.0066218763088869695,-1.06,-1.01,0.48,0.4
1966-10-01,0.04219704869978828,3.86,-6.6,2.74,0.45
1966-11-01,0.01764343517259528,1.38,4.07,-4.63,0.4
1966-12-01,0.005286004429237438,0.13,1.93,-0.95,0.4
1967-01-01,0.08231704248921375,8.15,8.1,2.36,0.43
1967-02-01,0.011236631925987768,0.77,3.32,-2.26,0.36
1967-03-01,0.04286790022717587,3.99,1.47,0.47,0.39
1967-04-01,0.041237908016244766,3.89,0.47,-2.29,0.32
1967-05-01,-0.040717833278559004,-4.32,2.11,0.8,0.33
1967-06-01,0.02654455522211221,2.42,5.85,0.8,0.27
1967-07-01,0.04783732941416006,4.58,3.17,2.75,0.32
1967-08-01,-0.005917473764037623,-0.9,0.43,1.43,0.31
1967-09-01,0.03362818097998406,3.1,3.04,-2.47,0.32
1967-10-01,-0.027268427154193777,-3.08,1.47,-3.29,0.39
1967-11-01,0.00727348396649847,0.37,0.18,-1.71,0.36
1967-12-01,0.033241333779801936,3.05,5.62,-0.54,0.33
1968-01-01,-0.03697523612489531,-4.03,3.99,4.85,0.4
1968-02-01,-0.03407398033375144,-3.74,-2.94,1.23,0.39
1968-03-01,0.005882663158155512,0.21,-1.3,-0.63,0.38
1968-04-01,0.09029763798078061,9.02,5.66,-1.1,0.43
1968-05-01,0.02693400124008104,2.28,6.29,0.82,0.45
1968-06-01,0.011236631925987768,0.7,-0.19,0.66,0.43
1968-07-01,-0.022347863663907622,-2.69,-1.28,5.31,0.48
1968-08-01,0.017545179215748864,1.35,2.42,0.99,0.42
1968-09-01,0.043825479540029515,4.05,2.74,0.3,0.43
1968-10-01,0.008662373078652587,0.43,-0.5,2.82,0.44
1968-11-01,0.05685281159278279,5.43,2.34,-0.96,0.42
1968-12-01,-0.03562717764315116,-3.93,3.36,0.04,0.43
1969-01-01,-0.0072260450917395825,-1.25,-0.63,1.66,0.53
1969-02-01,-0.05551270993025883,-5.86,-3.96,0.89,0.46
1969-03-01,0.03072317264284048,2.66,-0.3,-0.42,0.46
1969-04-01,0.01970458327433543,1.46,-0.81,0.02,0.53
1969-05-01,0.0038924147153438535,-0.09,-0.32,0.62,0.48
1969-06-01,-0.06913573883486211,-7.19,-5.34,-1.1,0.51
1969-07-01,-0.06688794554163173,-7.0,-3.24,1.18,0.53
1969-08-01,0.050598052763091435,4.69,0.81,-3.75,0.5
1969-09-01,-0.02378052866540339,-2.97,1.23,-3.22,0.62
1969-10-01,0.05505620574807839,5.06,3.92,-3.12,0.6
1969-11-01,-0.03334997968155407,-3.8,-2.55,-1.25,0.52
1969-12-01,-0.02010067170700291,-2.63,-3.68,-2.88,0.64
1970-01-01,-0.0779615414697118,-8.1,2.91,3.17,0.6
1970-02-01,0.05600219011528488,5.14,-2.39,3.69,0.62
1970-03-01,-0.004912044361020641,-1.06,-2.31,4.08,0.57
1970-04-01,-0.11081983510524378,-10.99,-6.14,6.14,0.5
1970-05-01,-0.06581934103729359,-6.9,-4.61,3.32,0.53
1970-06-01,-0.053611769448649156,-5.8,-2.08,0.44,0.58
1970-07-01,0.07176236622689079,6.92,-0.55,0.93,0.52
1970-08-01,0.049075837646592645,4.5,1.48,1.41,0.53
1970-09-01,0.046119935613553036,4.18,8.61,-5.41,0.54
1970-10-01,-0.01826580880689254,-2.27,-4.17,0.21,0.46
1970-11-01,0.04955177882924771,4.62,-3.97,1.58,0.46
1970-12-01,0.059777204035860794,5.74,2.82,1.04,0.42
1971-01-01,0.050788166832105096,4.83,7.28,1.55,0.38
1971-02-01,0.017250353406527672,1.41,1.86,-1.24,0.33
1971-03-01,0.043251041994314954,4.12,2.6,-3.95,0.3
1971-04-01,0.033724869401620894,3.15,-0.49,0.86,0.28
1971-05-01,-0.03770186718401153,-3.99,-1.04,-1.33,0.29
1971-06-01,0.002796087302001188,-0.09,-1.53,-1.97,0.37
1971-07-01,-0.04175993424823165,-4.49,-1.51,-0.02,0.4
1971-08-01,0.04171759335186847,3.79,-0.22,2.64,0.47
1971-09-01,-0.004912044361020641,-0.86,0.5,-2.9,0.37
1971-10-01,-0.04134296353438243,-4.42,-1.75,-0.51,0.37
1971-11-01,-0.0009004052431641551,-0.46,-2.77,-1.67,0.37
1971-12-01,0.0869113719892964,8.71,3.29,-0.38,0.37
1972-01-01,0.027225986253591527,2.47,5.84,2.12,0.29
1972-02-01,0.03072317264284048,2.87,1.32,-2.83,0.25
1972-03-01,0.008860628432196467,0.62,-0.29,-1.61,0.27
1972-04-01,0.005783244755727361,0.29,0.16,0.03,0.29
1972-05-01,0.01577491911536224,1.29,-2.71,-2.72,0.3
1972-06-01,-0.02163230012711384,-2.43,0.28,-2.46,0.29
1972-07-01,-0.004912044361020641,-0.8,-2.9,0.6,0.31
1972-08-01,0.034980968895245594,3.27,-3.99,4.56,0.29
1972-09-01,-0.008032171697264267,-1.14,-2.66,0.49,0.34
1972-10-01,0.009157937784765724,0.52,-2.73,1.22,0.4
1972-11-01,0.048504409059615054,4.6,-1.18,4.88,0.37
1972-12-01,0.009851316050374202,0.62,-1.95,-2.18,0.37
1973-01-01,-0.02870816413674374,-3.27,-3.49,2.7,0.44
1973-02-01,-0.045311222710003075,-4.85,-3.89,1.64,0.42
1973-03-01,-0.008435478821101575,-1.3,-2.78,2.57,0.46
1973-04-01,-0.05297892479088662,-5.68,-3.84,5.39,0.52
1973-05-01,-0.02490763570618478,-2.97,-6.27,0.38,0.51
1973-06-01,-0.010656580188528888,-1.57,-2.84,1.14,0.51
1973-07-01,0.055245474225978475,5.04,7.92,-5.26,0.64
1973-08-01,-0.03169708674325456,-3.82,-2.0,1.03,0.7
1973-09-01,0.05278218543896948,4.74,2.93,2.22,0.68
1973-10-01,-0.0018016219466282088,-0.83,-0.21,1.66,0.65
1973-11-01,-0.1303365017280034,-12.78,-7.72,4.09,0.56
1973-12-01,0.012224969622568948,0.59,-5.4,4.01,0.64
1974-01-01,0.0046889894861314695,-0.16,9.68,5.95,0.63
1974-02-01,0.001199280575482187,-0.46,0.0,2.47,0.58
1974-03-01,-0.022859294146082558,-2.82,2.5,-0.14,0.56
1974-04-01,-0.04635812397814956,-5.28,-0.68,0.92,0.75
1974-05-01,-0.04030129677352569,-4.7,-2.93,-2.08,0.75
1974-06-01,-0.02265469056480615,-2.84,-0.24,0.83,0.6
1974-07-01,-0.07644917216340626,-8.06,0.78,5.16,0.7
1974-08-01,-0.09200564579602429,-9.39,-0.69,2.61,0.6
1974-09-01,-0.11630912240038312,-11.79,0.27,5.43,0.81
1974-10-01,0.1537505998059185,16.11,-3.43,-9.91,0.51
1974-11-01,-0.040717833278559004,-4.53,-1.17,-0.25,0.54
1974-12-01,-0.02778238101245161,-3.44,-4.74,0.12,0.7
1975-01-01,0.13321884378622278,13.67,11.06,8.26,0.58
1975-02-01,0.058174564051072235,5.56,0.12,-4.47,0.43
1975-03-01,0.030238183060609946,2.66,3.75,2.42,0.41
1975-04-01,0.04554681495597036,4.22,-0.64,-1.13,0.44
1975-05-01,0.0548669014408401,5.2,3.93,-4.05,0.44
1975-06-01,0.05145328158891566,4.87,0.81,1.35,0.41
1975-07-01,-0.06315281500526863,-6.6,2.66,1.76,0.48
1975-08-01,-0.023882940463332003,-2.84,-3.17,-0.91,0.48
1975-09-01,-0.038013442198216174,-4.26,-0.16,0.33,0.53
1975-10-01,0.057136191370809115,5.32,-4.08,0.35,0.56
1975-11-01,0.030141156911986808,2.65,-1.22,2.03,0.41
1975-12-01,-0.011263192278710714,-1.6,-0.87,1.7,0.48
1976-01-01,0.11884913383838117,12.15,4.87,8.63,0.47
1976-02-01,0.0064789660977090735,0.31,6.97,5.71,0.34
1976-03-01,0.02683665395355957,2.32,-1.17,-0.11,0.4
1976-04-01,-0.010757656652960208,-1.49,-0.08,-0.16,0.42
1976-05-01,-0.009747351454880074,-1.34,-1.19,-1.29,0.37
1976-06-01,0.043921187057928086,4.06,-1.32,0.73,0.43
1976-07-01,-0.005917473764037623,-1.06,0.28,1.74,0.47
1976-08-01,-0.0015011261262670914,-0.57,-2.05,0.79,0.42
1976-09-01,0.024692612590371414,2.06,0.08,-0.31,0.44
1976-10-01,-0.020304753340364273,-2.42,0.14,-0.17,0.41
1976-11-01,0.007571265496318126,0.36,2.34,1.53,0.4
1976-12-01,0.058740495022600085,5.65,3.03,2.23,0.4
1977-01-01,-0.03739038921855906,-4.03,4.75,4.32,0.36
1977-02-01,-0.01602776107719725,-1.94,1.03,0.45,0.35
1977-03-01,-0.009747351454880074,-1.35,0.99,1.09,0.38
1977-04-01,0.005286004429237438,0.15,-0.13,3.38,0.38
1977-05-01,-0.011060947359424948,-1.47,1.25,0.81,0.37
1977-06-01,0.04993236874820893,4.72,2.07,-0.62,0.4
1977-07-01,-0.012781334364733152,-1.69,2.09,-0.6,0.42
1977-08-01,-0.013287894326935407,-1.76,1.55,-2.77,0.44
1977-09-01,0.0015987213636970735,-0.27,1.5,-0.26,0.43
1977-10-01,-0.0397808700118446,-4.39,1.19,1.62,0.49
1977-11-01,0.04401688541677426,4.0,3.68,0.23,0.5
1977-12-01,0.007571265496318126,0.27,1.36,-0.29,0.49
1978-01-01,-0.05667617719355686,-6.0,2.28,3.38,0.49
1978-02-01,-0.009343515003152466,-1.39,3.59,0.81,0.46
1978-03-01,0.033241333779801936,2.85,3.44,1.15,0.53
1978-04-01,0.08075014968510907,7.87,0.36,-3.54,0.54
1978-05-01,0.022446188829829995,1.76,4.53,-0.55,0.51
1978-06-01,-0.011566636371465405,-1.69,1.74,0.6,0.54
1978-07-01,0.055245474225978475,5.12,0.29,-1.0,0.56
1978-08-01,0.042484611606155395,3.78,5.06,-0.66,0.56
1978-09-01,-0.008233804927103542,-1.44,-0.49,1.88,0.62
1978-10-01,-0.11900878658220215,-11.9,-9.89,1.26,0.68
1978-11-01,0.033531483208792345,2.71,3.06,-2.08,0.7
1978-12-01,0.01636535408626423,0.87,1.19,-2.14,0.78
1979-01-01,0.0486949215387586,4.22,3.55,2.19,0.77
1979-02-01,-0.02870816413674374,-3.56,0.44,1.17,0.73
1979-03-01,0.06278698809876479,5.67,3.2,-0.68,0.81
1979-04-01,0.00727348396649847,-0.07,2.17,1.12,0.8
1979-05-01,-0.013896105192111352,-2.2,0.21,1.32,0.82
1979-06-01,0.04545126290391736,3.84,1.13,1.42,0.81
1979-07-01,0.015873349156290163,0.83,1.28,1.79,0.77
1979-08-01,0.061189168312422396,5.54,1.98,-1.58,0.77
1979-09-01,0.0,-0.83,-0.26,-0.94,0.83
1979-10-01,-0.07504687432291127,-8.1,-3.38,-1.83,0.87
1979-11-01,0.060248080345356926,5.22,2.81,-3.21,0.99
1979-12-01,0.02693400124008104,1.78,4.13,-2.13,0.95
1980-01-01,0.06109509935981083,5.5,1.62,1.85,0.8
1980-02-01,-0.003405793134832821,-1.23,-1.86,0.59,0.89
1980-03-01,-0.12431683450738053,-12.9,-6.7,-0.96,1.21
1980-04-01,0.050788166832105096,3.95,1.05,1.03,1.26
1980-05-01,0.05892906752928747,5.26,2.05,0.38,0.81
1980-06-01,0.03527061408191933,2.98,1.66,-0.8,0.61
1980-07-01,0.06803241039182698,6.51,4.1,-6.29,0.53
1980-08-01,0.023618865598634027,1.75,3.9,-2.46,0.64
1980-09-01,0.028976108236517188,2.19,0.96,-4.61,0.75
1980-10-01,0.01970458327433543,1.04,2.39,-2.93,0.95
1980-11-01,0.10038817403126832,9.6,-3.27,-8.11,0.96
1980-12-01,-0.03200679613508645,-4.46,-0.28,2.8,1.31
1981-01-01,-0.04103034955799192,-5.06,2.91,6.74,1.04
1981-02-01,0.01666044089310717,0.61,-0.47,0.97,1.07
1981-03-01,0.047646653467352994,3.67,3.34,0.61,1.21
1981-04-01,-0.010858743334875945,-2.16,4.5,2.28,1.08
1981-05-01,0.012718772407774612,0.13,1.94,-0.43,1.15
1981-06-01,-0.009949330853668103,-2.34,-0.83,5.14,1.35
1981-07-01,-0.0031048149534787565,-1.55,-2.07,-0.61,1.24
1981-08-01,-0.05911326449250658,-7.02,-1.95,4.71,1.28
1981-09-01,-0.06134363024105197,-7.19,-2.68,5.11,1.24
1981-10-01,0.05949457178563967,4.92,2.13,-4.09,1.21
1981-11-01,0.0437297628613252,3.4,-1.09,1.91,1.07
1981-12-01,-0.027988036540168713,-3.63,1.18,0.79,0.87
1982-01-01,-0.02460011686823269,-3.23,-1.25,3.19,0.8
1982-02-01,-0.050661914802227995,-5.86,0.46,6.09,0.92
1982-03-01,-0.008435478821101575,-1.82,-0.19,3.76,0.98
1982-04-01,0.042772091843869056,3.24,1.64,-3.08,1.13
1982-05-01,-0.029119898573852124,-3.93,0.17,1.78,1.06
1982-06-01,-0.02142794741362045,-3.08,-0.43,1.56,0.96
1982-07-01,-0.021734492146006094,-3.2,0.91,0.07,1.05
1982-08-01,0.11323939560651071,11.23,-4.28,1.09,0.76
1982-09-01,0.018036362486098575,1.31,2.87,0.23,0.51
1982-10-01,0.11234605983153843,11.3,2.38,-3.62,0.59
1982-11-01,0.05173819540441437,4.68,4.63,-1.8,0.63
1982-12-01,0.012224969622568948,0.56,-0.31,-0.06,0.67
1983-01-01,0.04190940307720956,3.59,2.82,-0.72,0.69
1983-02-01,0.03159556158975058,2.59,3.18,0.66,0.62
1983-03-01,0.03382154847551066,2.81,1.75,2.06,0.63
1983-04-01,0.07111062745795285,6.66,0.46,0.43,0.71
1983-05-01,0.011928570865273812,0.51,6.2,-1.4,0.69
1983-06-01,0.03671758293516286,3.07,0.93,-3.89,0.67
1983-07-01,-0.033763630152809115,-4.06,1.5,5.54,0.74
1983-08-01,0.002596625847265914,-0.5,-4.29,5.59,0.76
1983-09-01,0.01666044089310717,0.92,0.61,0.99,0.76
1983-10-01,-0.027062919549689073,-3.43,-3.55,4.96,0.76
1983-11-01,0.02829586915484725,2.17,2.02,-0.73,0.7
1983-12-01,-0.010454457903858873,-1.77,-0.25,1.75,0.73
1984-01-01,-0.0116678048676821,-1.92,-0.35,7.48,0.76
1984-02-01,-0.041447189914173475,-4.77,-1.68,3.41,0.71
1984-03-01,0.013705647056111967,0.65,0.1,0.53,0.73
1984-04-01,0.002995508979798371,-0.51,-1.16,1.19,0.81
1984-05-01,-0.053400776727115296,-5.98,0.07,0.26,0.78
1984-06-01,0.025277807184268607,1.81,-0.24,-2.75,0.75
1984-07-01,-0.019182819416773987,-2.72,-2.2,0.39,0.82
1984-08-01,0.10526051065749294,10.27,-0.27,-1.74,0.83
1984-09-01,0.0005998200719675495,-0.8,0.15,5.25,0.86
1984-10-01,0.0015987213636970735,-0.84,-1.11,0.59,1.0
1984-11-01,-0.010454457903858873,-1.77,-0.72,3.87,0.73
1984-12-01,0.02449747160038737,1.84,-0.66,-0.29,0.64
1985-01-01,0.0826853666186079,7.97,3.27,-5.21,0.65
1985-02-01,0.017839918128331016,1.22,0.71,-0.24,0.58
1985-03-01,-0.0021022080918701985,-0.83,-1.07,4.01,0.62
1985-04-01,-0.002402884616310315,-0.96,0.09,3.6,0.72
1985-05-01,0.0557184887563437,5.07,-2.3,-0.98,0.66
1985-06-01,0.018036362486098575,1.27,0.48,0.38,0.55
1985-07-01,-0.0010005003335835344,-0.72,2.83,-1.62,0.62
1985-08-01,-0.004610612557683294,-1.01,-0.3,2.34,0.55
1985-09-01,-0.03988493369891492,-4.51,-1.62,1.21,0.6
1985-10-01,0.04545126290391736,4.0,-1.5,0.77,0.65
1985-11-01,0.06831264018208728,6.46,0.19,-2.91,0.61
1985-12-01,0.044303925556524314,3.88,-0.53,-1.46,0.65
1986-01-01,0.012027380212718455,0.65,1.15,0.46,0.56
1986-02-01,0.07390080783953422,7.14,-0.57,-0.63,0.53
1986-03-01,0.05363554916590934,4.91,-0.54,-0.39,0.6
1986-04-01,-0.007629027164491163,-1.28,2.76,-2.81,0.52
1986-05-01,0.049837234847171584,4.62,-1.36,-0.14,0.49
1986-06-01,0.015676479385007616,1.06,-0.93,1.2,0.52
1986-07-01,-0.060918414969417134,-6.43,-3.43,4.66,0.52
1986-08-01,0.06325644963501477,6.07,-4.16,3.54,0.46
1986-09-01,-0.08490450709044402,-8.59,2.4,3.23,0.45
1986-10-01,0.04974209189481401,4.64,-2.53,-1.42,0.46
1986-11-01,0.015479570848386375,1.17,-1.87,-0.02,0.39
1986-12-01,-0.02809088016652561,-3.26,0.19,0.36,0.49
1987-01-01,0.12106652797944362,12.45,-1.89,-3.18,0.42
1987-02-01,0.04697900119399464,4.38,3.45,-5.86,0.43
1987-03-01,0.02078253918252841,1.63,0.5,1.66,0.47
1987-04-01,-0.01663764115302325,-2.09,-1.72,-0.36,0.44
1987-05-01,0.004888034072775866,0.11,-0.53,0.22,0.38
1987-06-01,0.04296369943211572,3.91,-2.03,1.13,0.48
1987-07-01,0.042101176018635326,3.84,-0.57,0.94,0.46
1987-08-01,0.03912455468405008,3.52,-0.85,-0.98,0.47
1987-09-01,-0.021530118550363214,-2.58,0.58,0.26,0.45
1987-10-01,-0.2560542147714693,-23.19,-8.27,4.18,0.6
1987-11-01,-0.0769890415281357,-7.76,2.68,3.14,0.35
1987-12-01,0.06961934188005707,6.82,0.03,-4.42,0.39
1988-01-01,0.04401688541677426,4.21,-0.75,4.93,0.29
1988-02-01,0.050978244764629456,4.77,3.33,-1.53,0.46
1988-03-01,-0.01836765735818493,-2.26,6.01,0.86,0.44
1988-04-01,0.010247316451549499,0.57,0.91,1.51,0.46
1988-05-01,0.0023971245997214514,-0.27,-2.54,2.44,0.51
1988-06-01,0.05135829227514204,4.78,2.02,-1.35,0.49
1988-07-01,-0.007427515828796584,-1.25,-0.23,2.18,0.51
1988-08-01,-0.027576767770234493,-3.31,0.07,2.14,0.59
1988-09-01,0.03854740961223883,3.31,-1.34,-0.75,0.62
1988-10-01,0.017545179215748864,1.16,-2.92,2.03,0.61
1988-11-01,-0.017146158834970514,-2.27,-1.64,1.47,0.57
1988-12-01,0.02088047757935513,1.48,1.89,-1.83,0.63
1989-01-01,0.06410092540652364,6.07,-2.19,0.61,0.55
1989-02-01,-0.01633265462089761,-2.23,2.81,0.99,0.61
1989-03-01,0.02215280464113328,1.57,0.67,0.47,0.67
1989-04-01,0.04898062222162188,4.35,-0.67,-1.48,0.67
1989-05-01,0.03989356366167662,3.28,-0.09,-0.9,0.79
1989-06-01,-0.0062192998139168326,-1.33,-0.97,2.21,0.71
1989-07-01,0.07584931228343783,7.18,-4.11,-2.8,0.7
1989-08-01,0.021467906615240975,1.43,0.57,0.62,0.74
1989-09-01,-0.0011006054440330039,-0.76,0.3,-1.27,0.65
1989-10-01,-0.03014997695088322,-3.65,-3.24,-1.16,0.68
1989-11-01,0.01715205881756566,1.04,-1.19,-1.13,0.69
1989-12-01,0.017741681476157126,1.18,-2.37,0.15,0.61
1990-01-01,-0.07504687432291127,-7.8,-1.14,0.83,0.57
1990-02-01,0.016758783814954624,1.12,0.97,0.65,0.57
1990-03-01,0.02439988682353512,1.83,1.47,-2.9,0.64
1990-04-01,-0.027062919549689073,-3.36,-0.47,-2.57,0.69
1990-05-01,0.08718636167891596,8.43,-2.56,-3.89,0.68
1990-06-01,-0.004610612557683294,-1.09,1.35,-2.0,0.63
1990-07-01,-0.012275030875612578,-1.9,-3.08,-0.06,0.68
1990-08-01,-0.09937844398027885,-10.12,-3.5,1.56,0.66
1990-09-01,-0.05667617719355686,-6.11,-3.64,0.59,0.6
1990-10-01,-0.01247752151111258,-1.92,-5.52,0.08,0.68
1990-11-01,0.06691070528262681,6.35,0.42,-2.97,0.57
1990-12-01,0.030141156911986808,2.46,0.79,-1.57,0.6
1991-01-01,0.050788166832105096,4.69,3.78,-1.48,0.52
1991-02-01,0.07390080783953422,7.19,4.01,-0.62,0.48
1991-03-01,0.03052920503482279,2.66,3.88,-1.3,0.44
1991-04-01,0.002496880198587146,-0.28,0.5,1.49,0.53
1991-05-01,0.04046993255371312,3.66,-0.39,-0.52,0.47
1991-06-01,-0.04625338451746204,-4.94,0.18,1.08,0.42
1991-07-01,0.04621542379696289,4.24,-0.97,-1.3,0.49
1991-08-01,0.027420595575992218,2.32,1.58,-0.79,0.46
1991-09-01,-0.011364330079049759,-1.59,1.68,-1.23,0.46
1991-10-01,0.01695544064941337,1.29,0.77,-0.43,0.42
1991-11-01,-0.03884478382356719,-4.2,-0.51,-1.77,0.39
1991-12-01,0.10642994361584661,10.85,-2.26,-4.23,0.38
1992-01-01,-0.002503130218118477,-0.59,8.48,4.67,0.34
1992-02-01,0.0135083500247923,1.08,0.83,6.51,0.28
1992-03-01,-0.023370986323240202,-2.65,-0.97,3.49,0.34
1992-04-01,0.01400151963581361,1.09,-6.12,4.36,0.32
1992-05-01,0.005783244755727361,0.3,0.41,1.11,0.28
1992-06-01,-0.020304753340364273,-2.33,-3.1,3.24,0.32
1992-07-01,0.04008572353928558,3.78,-0.45,-0.51,0.31
1992-08-01,-0.02142794741362045,-2.38,-0.1,-1.09,0.26
1992-09-01,0.01439588028373234,1.19,0.55,-0.19,0.26
1992-10-01,0.01242251999855711,1.02,2.11,-1.98,0.23
1992-11-01,0.042772091843869056,4.14,3.68,-1.52,0.23
1992-12-01,0.017938145131012998,1.53,1.65,2.64,0.28
1993-01-01,0.011533235813673085,0.93,1.89,5.9,0.23
1993-02-01,0.003394233068015617,0.12,-3.39,6.48,0.22
1993-03-01,0.0253753063312283,2.32,0.29,1.26,0.25
1993-04-01,-0.02850236047271215,-3.05,-0.62,2.55,0.24
1993-05-01,0.030626193541760747,2.89,2.06,-3.46,0.22
1993-06-01,0.005484930230569745,0.3,-0.3,2.64,0.25
1993-07-01,-0.0010005003335835344,-0.34,0.96,2.87,0.24
1993-08-01,0.03893221000178754,3.72,0.11,0.18,0.25
1993-09-01,0.0013990209137074087,-0.12,3.09,-0.24,0.26
1993-10-01,0.01626697246387194,1.42,1.99,-2.78,0.22
1993-11-01,-0.01633265462089761,-1.87,-1.27,-0.78,0.25
1993-12-01,0.01862546412316482,1.65,1.19,0.25,0.23
1994-01-01,0.03072317264284048,2.87,0.33,1.1,0.25
1994-02-01,-0.023678127354577146,-2.55,2.76,-1.52,0.21
1994-03-01,-0.04625338451746204,-4.79,-1.08,1.67,0.27
1994-04-01,0.009455158770755197,0.68,-0.93,1.66,0.27
1994-05-01,0.008959741371471801,0.58,-2.09,0.6,0.32
1994-06-01,-0.02767956910674239,-3.04,-0.43,1.77,0.31
1994-07-01,0.03052920503482279,2.82,-1.81,0.61,0.28
1994-08-01,0.04296369943211572,4.02,1.5,-2.55,0.37
1994-09-01,-0.0192847614118671,-2.28,3.04,-1.81,0.37
1994-10-01,0.01715205881756566,1.35,-2.16,-1.66,0.38
1994-11-01,-0.037286584786016604,-4.03,0.28,-0.73,0.37
1994-12-01,0.01291622526654623,0.86,0.17,-0.09,0.44
1995-01-01,0.021957167352042138,1.8,-3.51,2.59,0.42
1995-02-01,0.03950913309471249,3.63,-0.61,0.99,0.4
1995-03-01,0.02615495747685118,2.19,-0.2,-2.13,0.46
1995-04-01,0.025180298530298326,2.11,-0.51,1.67,0.44
1995-05-01,0.03382154847551066,2.9,-2.53,2.28,0.54
1995-06-01,0.03140176313953164,2.72,3.17,-2.54,0.47
1995-07-01,0.040757992472167826,3.71,2.09,-1.58,0.45
1995-08-01,0.010148331051815136,0.55,1.31,2.68,0.47
1995-09-01,0.037199440989106304,3.36,-2.16,-0.11,0.43
1995-10-01,-0.010454457903858873,-1.51,-3.8,-0.49,0.47
1995-11-01,0.04286790022717587,3.96,-1.12,0.52,0.42
1995-12-01,0.015184135325040055,1.04,0.66,0.24,0.49
1996-01-01,0.02654455522211221,2.26,-2.83,0.46,0.43
1996-02-01,0.01705375456582762,1.33,1.79,-1.05,0.39
1996-03-01,0.011236631925987768,0.74,1.43,0.42,0.39
1996-04-01,0.024887715507778883,2.06,5.2,-3.97,0.46
1996-05-01,0.027420595575992218,2.36,3.2,-0.9,0.42
1996-06-01,-0.007326775386460855,-1.13,-4.0,2.33,0.4
1996-07-01,-0.05667617719355686,-5.96,-4.3,5.19,0.45
1996-08-01,0.03130484982841253,2.77,2.45,-0.82,0.41
1996-09-01,0.05306672093669223,5.01,-1.02,-2.74,0.44
1996-10-01,0.012817503710614343,0.87,-4.39,4.88,0.42
1996-11-01,0.06447601918436478,6.25,-4.04,1.4,0.41
1996-12-01,-0.01247752151111258,-1.7,3.12,1.28,0.46
1997-01-01,0.05268732227900649,4.96,-1.93,-1.44,0.45
1997-02-01,-0.0009004052431641551,-0.48,-3.16,5.61,0.39
1997-03-01,-0.04698679122433687,-5.02,-0.33,3.39,0.43
1997-04-01,0.0437297628613252,4.04,-5.74,0.0,0.43
1997-05-01,0.06971261241130035,6.73,5.12,-4.11,0.49
1997-06-01,0.0437297628613252,4.1,1.21,1.44,0.37
1997-07-01,0.07455073126429625,7.31,-2.73,0.13,0.43
1997-08-01,-0.037598030415318485,-4.1,7.15,1.13,0.41
1997-09-01,0.05619127964974256,5.34,2.54,0.24,0.44
1997-10-01,-0.03438442686183081,-3.8,-0.71,2.33,0.42
1997-11-01,0.033241333779801936,2.99,-5.11,1.22,0.39
1997-12-01,0.017938145131012998,1.33,-2.48,3.74,0.48
1998-01-01,0.005783244755727361,0.15,-1.01,-1.68,0.43
1998-02-01,0.07157619848922196,7.03,0.13,-0.93,0.39
1998-03-01,0.050217716160617515,4.76,-1.19,1.38,0.39
1998-04-01,0.011632084229707696,0.74,0.06,1.03,0.43
1998-05-01,-0.027062919549689073,-3.07,-3.4,3.41,0.4
1998-06-01,0.035367143837291344,3.19,-3.17,-2.03,0.41
1998-07-01,-0.02040680977766262,-2.42,-4.83,-1.83,0.4
1998-08-01,-0.16983977929189875,-16.05,-5.47,3.57,0.43
1998-09-01,0.06438225892926822,6.19,-0.02,-3.51,0.46
1998-10-01,0.07045846364856137,6.98,-2.98,-2.33,0.32
1998-11-01,0.06184740332608023,6.07,1.26,-3.24,0.31
1998-12-01,0.06325644963501477,6.15,-0.46,-4.25,0.38
1999-01-01,0.03758476032727121,3.48,0.67,-4.46,0.35
1999-02-01,-0.038013442198216174,-4.08,-6.02,1.95,0.35
1999-03-01,0.038354953876463906,3.48,-3.84,-2.61,0.43
1999-04-01,0.04602443831127925,4.34,3.89,2.4,0.37
1999-05-01,-0.02142794741362045,-2.46,3.32,2.49,0.34
1999-06-01,0.050407902543845765,4.77,3.23,-3.22,0.4
1999-07-01,-0.03159387159117863,-3.49,2.48,-0.18,0.38
1999-08-01,-0.009848336054814406,-1.37,-0.95,-1.93,0.39
1999-09-01,-0.024087795529089982,-2.77,3.12,-2.9,0.39
1999-10-01,0.06278698809876479,6.09,-6.94,-2.88,0.39
1999-11-01,0.03700672562909574,3.41,6.87,-5.65,0.36
1999-12-01,0.0778865386570712,7.66,6.56,-7.66,0.44
2000-01-01,-0.044265416298015434,-4.74,5.16,-1.12,0.41
2000-02-01,0.028490270399627426,2.46,21.25,-9.77,0.43
2000-03-01,0.055245474225978475,5.21,-17.41,8.5,0.47
2000-04-01,-0.06113100000423132,-6.39,-6.0,6.45,0.46
2000-05-01,-0.039676817152898426,-4.39,-6.08,4.59,0.5
2000-06-01,0.04955177882924771,4.68,12.71,-8.04,0.4
2000-07-01,-0.020202707317519466,-2.48,-2.84,8.06,0.48
2000-08-01,0.07259969241434348,7.03,-0.5,-1.37,0.5
2000-09-01,-0.05055672361715231,-5.44,-1.74,7.24,0.51
2000-10-01,-0.02245012883759187,-2.78,-3.85,5.58,0.56
2000-11-01,-0.107473858305233,-10.7,-3.08,12.24,0.51
2000-12-01,0.01666044089310717,1.18,0.82,7.55,0.5
2001-01-01,0.037199440989106304,3.25,6.41,-5.05,0.54
2001-02-01,-0.1014791689498539,-10.03,-0.65,12.23,0.38
2001-03-01,-0.07074440452575782,-7.25,0.26,6.47,0.42
2001-04-01,0.07991962317587344,7.93,0.5,-4.64,0.39
2001-05-01,0.009950330853168092,0.68,2.48,3.38,0.32
2001-06-01,-0.016739324004297996,-1.94,6.35,-1.26,0.28
2001-07-01,-0.018469516283661322,-2.13,-4.05,4.95,0.3
2001-08-01,-0.06283330917156911,-6.4,2.19,2.86,0.31
2001-09-01,-0.09387121561007059,-9.24,-6.23,1.52,0.28
2001-10-01,0.026641930946421092,2.48,7.49,-7.31,0.22
2001-11-01,0.07417939817425147,7.53,-0.57,2.17,0.17
2001-12-01,0.017446913603720703,1.61,4.72,0.83,0.15
2002-01-01,-0.01308523954865548,-1.44,1.17,3.42,0.14
2002-02-01,-0.021938907518753964,-2.3,-1.08,2.34,0.13
2002-03-01,0.042772091843869056,4.24,4.09,1.08,0.13
2002-04-01,-0.05192507286491937,-5.21,5.82,4.01,0.15
2002-05-01,-0.012275030875612578,-1.36,-3.27,1.52,0.14
2002-06-01,-0.07364654016829848,-7.23,4.08,0.37,0.13
2002-07-01,-0.0838164860931106,-8.19,-5.25,-3.51,0.15
2002-08-01,0.006379606964038988,0.5,-2.8,3.01,0.14
2002-09-01,-0.10758521067993743,-10.34,2.42,1.26,0.14
2002-10-01,0.07677583880204963,7.84,-3.4,-3.76,0.14
2002-11-01,0.059023340449460976,5.96,3.26,-1.16,0.12
2002-12-01,-0.05815891417353214,-5.76,-0.04,2.11,0.11
2003-01-01,-0.025010163004167647,-2.57,1.34,-0.79,0.1
2003-02-01,-0.018062142818408518,-1.88,-0.44,-1.36,0.09
2003-03-01,0.011829751753577221,1.09,1.17,-2.11,0.1
2003-04-01,0.07955027875800905,8.18,0.76,1.22,0.1
2003-05-01,0.059588791411657446,6.05,4.61,0.7,0.09
2003-06-01,0.015085637418040953,1.42,1.7,0.14,0.1
2003-07-01,0.023716526617316065,2.33,4.93,-1.53,0.07
2003-08-01,0.023716526617316065,2.33,2.44,1.64,0.07
2003-09-01,-0.0116678048676821,-1.24,0.85,0.14,0.08
2003-10-01,0.05968300216117384,6.08,2.59,2.21,0.07
2003-11-01,0.014100124378781626,1.35,2.06,1.72,0.07
2003-12-01,0.042772091843869056,4.29,-2.68,1.51,0.08
2004-01-01,0.021957167352042138,2.15,2.54,2.42,0.07
2004-02-01,0.014494446150452511,1.4,-1.57,0.95,0.06
2004-03-01,-0.012376271068055405,-1.32,1.73,0.23,0.09
2004-04-01,-0.017451393613755858,-1.81,-1.73,-3.23,0.08
2004-05-01,0.012323749688831903,1.18,-0.23,-0.18,0.06
2004-06-01,0.019116117192230143,1.85,2.25,1.21,0.08
2004-07-01,-0.04019718975141304,-4.04,-3.76,3.22,0.1
2004-08-01,0.0017983819413793973,0.07,-1.52,1.08,0.11
2004-09-01,0.01695544064941337,1.6,3.01,-0.05,0.11
2004-10-01,0.015184135325040055,1.42,0.13,-0.26,0.11
2004-11-01,0.0457378916738537,4.53,3.74,1.57,0.15
2004-12-01,0.035174075007654085,3.42,-0.03,-0.23,0.16
2005-01-01,-0.026241311205227127,-2.75,-1.66,2.06,0.16
2005-02-01,0.020194707285519253,1.88,-0.57,1.41,0.16
2005-03-01,-0.017451393613755858,-1.94,-1.41,2.07,0.21
2005-04-01,-0.024292692569044587,-2.61,-3.93,0.05,0.21
2005-05-01,0.03816246109434886,3.65,2.86,-0.58,0.24
2005-06-01,0.008067371077758793,0.58,2.56,2.8,0.23
2005-07-01,0.040757992472167826,3.92,2.87,-0.78,0.24
2005-08-01,-0.00904074465214907,-1.2,-1.07,1.34,0.3
2005-09-01,0.00767050630421974,0.48,-0.62,0.78,0.29
2005-10-01,-0.017858518301313193,-2.04,-1.3,0.43,0.27
2005-11-01,0.038451186374252634,3.61,1.05,-1.19,0.31
2005-12-01,0.0007996801705642441,-0.24,-0.44,0.15,0.32
2006-01-01,0.033241333779801936,3.03,5.46,0.99,0.35
2006-02-01,0.0003999200213268913,-0.3,-0.41,-0.31,0.34
2006-03-01,0.018232768261059684,1.47,3.39,0.61,0.37
2006-04-01,0.010841023177874769,0.73,-1.38,2.26,0.36
2006-05-01,-0.03180031254979782,-3.56,-3.01,2.38,0.43
2006-06-01,0.0004998750416509929,-0.35,-0.35,0.85,0.4
2006-07-01,-0.003706861931326512,-0.77,-3.95,2.62,0.4
2006-08-01,0.02420468869681736,2.03,0.99,-1.95,0.42
2006-09-01,0.022250608934819723,1.84,-1.3,0.06,0.41
2006-10-01,0.035656677208034684,3.22,1.77,-0.33,0.41
2006-11-01,0.020978406385191814,1.7,0.63,0.04,0.42
2006-12-01,0.01242251999855711,0.85,-1.16,2.74,0.4
2007-01-01,0.018036362486098575,1.38,0.09,-0.68,0.44
2007-02-01,-0.015926150550259255,-1.96,1.23,-0.08,0.38
2007-03-01,0.011335509663745679,0.71,0.09,-0.88,0.43
2007-04-01,0.03854740961223883,3.49,-2.21,-1.44,0.44
2007-05-01,0.03575316970581784,3.23,0.16,-0.59,0.41
2007-06-01,-0.015722960465236198,-1.96,0.73,-1.05,0.4
2007-07-01,-0.033763630152809115,-3.72,-2.66,-3.68,0.4
2007-08-01,0.0135083500247923,0.94,-0.11,-1.87,0.42
2007-09-01,0.034787825485664024,3.22,-2.25,-2.17,0.32
2007-10-01,0.02088047757935513,1.79,0.19,-2.87,0.32
2007-11-01,-0.045625178026275554,-4.8,-2.81,-1.09,0.34
2007-12-01,-0.006018072325563021,-0.87,0.11,-0.51,0.27
2008-01-01,-0.06315281500526863,-6.33,-1.02,4.0,0.21
2008-02-01,-0.030046921352296637,-3.09,-0.48,-0.72,0.13
2008-03-01,-0.0077297980619412685,-0.94,0.71,0.31,0.17
2008-04-01,0.04678816149875898,4.61,-1.69,-0.96,0.18
2008-05-01,0.020292703267762394,1.87,2.97,-1.5,0.18
2008-06-01,-0.08621169681906544,-8.43,1.15,-2.51,0.17
2008-07-01,-0.006018072325563021,-0.75,2.6,5.2,0.15
2008-08-01,0.01646372603066503,1.53,3.4,1.52,0.13
2008-09-01,-0.09651090038084373,-9.35,-1.07,5.66,0.15
2008-10-01,-0.18777640747691846,-17.2,-2.31,-1.89,0.08
2008-11-01,-0.08023439271060595,-7.74,-3.01,-6.21,0.03
2008-12-01,0.017545179215748864,1.77,3.52,0.05,0.0
2009-01-01,-0.08436034861807322,-8.09,0.04,-11.02,0.0
2009-02-01,-0.10680600431780925,-10.14,0.14,-6.6,0.01
2009-03-01,0.08645288773019906,9.01,-0.1,3.48,0.02
2009-04-01,0.09694520605647901,10.17,5.4,5.38,0.01
2009-05-01,0.050788166832105096,5.21,-2.41,0.41,0.0
2009-06-01,0.004290781417156246,0.42,2.58,-2.76,0.01
2009-07-01,0.07464354299576571,7.74,1.75,4.89,0.01
2009-08-01,0.03285433687094728,3.33,-1.12,7.6,0.01
2009-09-01,0.04008572353928558,4.08,2.43,1.15,0.01
2009-10-01,-0.02562554763897273,-2.53,-4.26,-4.17,0.0
2009-11-01,0.05477223584697948,5.63,-2.5,-0.33,0.0
2009-12-01,0.0277124385665358,2.8,6.01,-0.11,0.01
2010-01-01,-0.03407398033375144,-3.35,0.43,0.33,0.0
2010-02-01,0.03333805961051041,3.39,1.18,3.18,0.0
2010-03-01,0.061189168312422396,6.3,1.46,2.19,0.01
2010-04-01,0.01980262729617973,1.99,4.84,2.96,0.01
2010-05-01,-0.08218667098794713,-7.9,0.13,-2.48,0.01
2010-06-01,-0.0570995920405728,-5.56,-1.79,-4.73,0.01
2010-07-01,0.0670042287804738,6.92,0.22,-0.5,0.01
2010-08-01,-0.048875167782136686,-4.78,-3.01,-1.73,0.01
2010-09-01,0.09130215840678596,9.55,3.82,-3.02,0.01
2010-10-01,0.03806620080645628,3.87,1.08,-2.46,0.01
2010-11-01,0.005982071677547469,0.59,3.67,-0.9,0.01
2010-12-01,0.06606859996970471,6.82,0.72,3.56,0.01
2011-01-01,0.01970458327433543,1.98,-2.29,0.61,0.01
2011-02-01,0.03430480369199024,3.48,1.5,1.18,0.01
2011-03-01,0.004589452333807224,0.45,2.49,-1.84,0.01
2011-04-01,0.028587456851912472,2.9,-0.42,-2.44,0.0
2011-05-01,-0.012781334364733152,-1.27,-0.73,-1.85,0.0
2011-06-01,-0.017553159247589156,-1.74,-0.27,-0.2,0.0
2011-07-01,-0.02378052866540339,-2.35,-1.17,-0.91,0.0
2011-08-01,-0.06134363024105197,-5.96,-2.96,-2.43,0.01
2011-09-01,-0.07882678054597102,-7.58,-3.12,-1.53,0.0
2011-10-01,0.10732857775252451,11.33,3.05,0.06,0.0
2011-11-01,-0.002703651574314823,-0.27,-0.18,-0.52,0.0
2011-12-01,0.0074720148387010564,0.75,-0.56,1.54,0.0
2012-01-01,0.04926624130291805,5.05,2.01,-0.93,0.0
2012-02-01,0.043251041994314954,4.42,-1.84,0.42,0.0
2012-03-01,0.03072317264284048,3.12,-0.63,1.19,0.0
2012-04-01,-0.008536331022286335,-0.85,-0.37,-0.77,0.0
2012-05-01,-0.06357898164287133,-6.17,0.12,-0.95,0.01
2012-06-01,0.03816246109434886,3.89,0.72,0.55,0.0
2012-07-01,0.007868958378695197,0.79,-2.76,-0.06,0.0
2012-08-01,0.025180298530298326,2.54,0.5,1.23,0.01
2012-09-01,0.027031339051030518,2.73,0.45,1.62,0.01
2012-10-01,-0.01765493523872071,-1.76,-1.09,3.52,0.01
2012-11-01,0.007868958378695197,0.78,0.6,-0.86,0.01
2012-12-01,0.011829751753577221,1.18,1.5,3.48,0.01
2013-01-01,0.054204054013512186,5.57,0.29,1.01,0.0
2013-02-01,0.012718772407774612,1.28,-0.3,0.21,0.0
2013-03-01,0.03960525459235942,4.04,0.83,-0.22,0.0
2013-04-01,0.015479570848386375,1.56,-2.37,0.44,0.0
2013-05-01,0.02761516703297339,2.8,1.7,2.67,0.0
2013-06-01,-0.012072581234269249,-1.2,1.31,-0.05,0.0
2013-07-01,0.054961558073974334,5.65,1.81,0.58,0.0
2013-08-01,-0.02747397700075509,-2.71,0.32,-2.73,0.0
2013-09-01,0.03700672562909574,3.77,2.89,-1.18,0.0
2013-10-01,0.04085399400826612,4.17,-1.56,1.22,0.0
2013-11-01,0.030626193541760747,3.11,1.31,0.19,0.0
2013-12-01,0.0277124385665358,2.81,-0.44,0.0,0.0
2014-01-01,-0.033763630152809115,-3.32,0.93,-1.99,0.0
2014-02-01,0.04554681495597036,4.66,0.36,-0.35,0.0
2014-03-01,0.004290781417156246,0.43,-1.86,4.9,0.0
2014-04-01,-0.0018016219466282088,-0.18,-4.18,1.22,0.0
2014-05-01,0.020292703267762394,2.05,-1.85,-0.1,0.0
2014-06-01,0.025667746748577813,2.6,3.05,-0.71,0.0
2014-07-01,-0.020508876631540447,-2.03,-4.18,-0.08,0.0
2014-08-01,0.04152574682849831,4.24,0.41,-0.57,0.0
2014-09-01,-0.019794627328179493,-1.96,-3.59,-1.47,0.0
2014-10-01,0.02479016880721869,2.51,4.05,-1.63,0.0
2014-11-01,0.025277807184268607,2.56,-2.05,-3.13,0.0
2014-12-01,-0.0005001250416822429,-0.05,2.53,2.12,0.0
2015-01-01,-0.03149066709137085,-3.1,-0.59,-3.45,0.0
2015-02-01,0.05949457178563967,6.13,0.61,-1.79,0.0
2015-03-01,-0.011162064706191918,-1.11,3.05,-0.38,0.0
2015-04-01,0.005882663158155512,0.59,-2.99,1.8,0.0
2015-05-01,0.013607003406216947,1.37,0.95,-1.11,0.0
2015-06-01,-0.015316704111893288,-1.52,2.94,-0.82,0.0
2015-07-01,0.015578029963318462,1.57,-4.17,-4.16,0.0
2015-08-01,-0.06208819231342174,-6.02,0.37,2.75,0.0
2015-09-01,-0.031077955570861397,-3.06,-2.63,0.55,0.0
2015-10-01,0.07464354299576571,7.75,-1.9,-0.47,0.0
2015-11-01,0.005683816468297709,0.57,3.58,-0.43,0.0
2015-12-01,-0.02163230012711384,-2.15,-2.8,-2.57,0.01
2016-01-01,-0.059007180580032424,-5.74,-3.4,2.08,0.01
2016-02-01,-0.00040008002133969133,-0.06,0.73,-0.61,0.02
2016-03-01,0.06737823532994819,6.95,0.75,1.22,0.02
2016-04-01,0.009257021262676848,0.92,0.77,3.22,0.01
2016-05-01,0.017741681476157126,1.78,-0.18,-1.62,0.01
2016-06-01,-0.00010000500033334732,-0.03,0.6,-1.49,0.02
2016-07-01,0.038836023785198216,3.94,2.45,-1.24,0.02
2016-08-01,0.005087039048557209,0.49,1.17,3.17,0.02
2016-09-01,0.002895803112025468,0.27,2.08,-1.19,0.02
2016-10-01,-0.02010067170700291,-2.01,-4.39,4.11,0.02
2016-11-01,0.04755130185822235,4.86,5.6,8.29,0.01
2016-12-01,0.018232768261059684,1.81,0.14,3.47,0.03
2017-01-01,0.01960652963891835,1.94,-1.16,-2.76,0.04
2017-02-01,0.03527061408191933,3.55,-2.15,-1.5,0.04
2017-03-01,0.001998002662673058,0.17,1.13,-3.33,0.03
2017-04-01,0.011236631925987768,1.08,0.66,-2.05,0.05
2017-05-01,0.011236631925987768,1.07,-2.52,-3.82,0.06
2017-06-01,0.008464078412129364,0.79,2.21,1.5,0.06
2017-07-01,0.019312311032372884,1.88,-1.45,-0.23,0.07
2017-08-01,0.002696361547742533,0.18,-1.67,-2.13,0.09
2017-09-01,0.02547279597303107,2.49,4.45,3.15,0.09
2017-10-01,0.023228126119207243,2.26,-1.93,0.13,0.09
2017-11-01,0.031498667059371016,3.12,-0.6,-0.09,0.08
2017-12-01,0.01143437762566317,1.06,-1.32,0.05,0.09
2018-01-01,0.055340095033164546,5.58,-3.16,-1.32,0.11
2018-02-01,-0.03593810680562915,-3.64,0.27,-1.1,0.11
2018-03-01,-0.02255240447051149,-2.35,4.05,-0.21,0.12
2018-04-01,0.0040916179032535575,0.27,1.09,0.53,0.14
2018-05-01,0.02761516703297339,2.66,5.24,-3.14,0.14
2018-06-01,0.006280237957150456,0.49,1.11,-2.33,0.14
2018-07-01,0.03304785404620042,3.2,-2.23,0.49,0.16
2018-08-01,0.03546366427556906,3.45,1.14,-3.91,0.16
2018-09-01,0.00209779808214612,0.06,-2.29,-1.62,0.15
2018-10-01,-0.07752920250923784,-7.65,-4.7,3.38,0.19
2018-11-01,0.01872361399810251,1.71,-0.73,0.36,0.18
2018-12-01,-0.09827456926834051,-9.55,-2.31,-1.92,0.19
2019-01-01,0.08231704248921375,8.37,2.76,-0.39,0.21
2019-02-01,0.035367143837291344,3.42,2.05,-2.66,0.18
2019-03-01,0.012817503710614343,1.1,-3.03,-4.14,0.19
2019-04-01,0.04094998632895417,3.97,-1.74,2.13,0.21
2019-05-01,-0.06945726501522163,-6.92,-1.26,-2.45,0.21
2019-06-01,0.06924617273681441,6.99,0.11,-0.64,0.18
2019-07-01,0.014100124378781626,1.23,-1.96,0.5,0.19
2019-08-01,-0.02419023880121767,-2.55,-2.39,-4.77,0.16
2019-09-01,0.01577491911536224,1.41,-0.97,6.76,0.18
2019-10-01,0.021957167352042138,2.07,0.27,-1.92,0.15
2019-11-01,0.03912455468405008,3.87,0.72,-2.0,0.12
2019-12-01,0.02868463385990886,2.77,0.76,1.73,0.14
2020-01-01,0.0001999800026662447,-0.11,-3.1,-6.22,0.13
2020-02-01,-0.08370774907348517,-8.15,1.08,-3.82,0.12
2020-03-01,-0.14213976716112287,-13.37,-4.69,-13.83,0.12
2020-04-01,0.1275133202989597,13.6,2.5,-1.34,0.0
2020-05-01,0.054298773407378875,5.57,2.4,-5.0,0.01
2020-06-01,0.024302292522964817,2.45,2.67,-2.17,0.01
2020-07-01,0.05675833381860888,5.83,-2.35,-1.44,0.01
2020-08-01,0.07352923328811553,7.62,-0.2,-3.02,0.01
2020-09-01,-0.03697523612489531,-3.64,0.06,-2.72,0.01
2020-10-01,-0.020917248255388307,-2.08,4.34,4.25,0.01
2020-11-01,0.11742741687596432,12.45,5.81,2.09,0.01
2020-12-01,0.0453557017207972,4.63,5.01,-1.68,0.01
2021-01-01,-0.0007002451143934259,-0.07,7.14,3.22,0.0
2021-02-01,0.0277124385665358,2.81,2.02,7.2,0.0
2021-03-01,0.03111099502505273,3.16,-2.33,7.35,0.0
2021-04-01,0.048313860278550724,4.95,-3.19,-1.02,0.0
2021-05-01,0.002995508979798371,0.3,-0.2,7.04,0.0
2021-06-01,0.027031339051030518,2.74,1.7,-7.86,0.0
2021-07-01,0.013311014059672416,1.34,-3.93,-1.79,0.0
2021-08-01,0.028976108236517188,2.94,-0.32,-0.23,0.0
2021-09-01,-0.044997365930735805,-4.4,0.66,5.12,0.0
2021-10-01,0.06419471204199682,6.63,-2.26,-0.53,0.0
2021-11-01,-0.015926150550259255,-1.58,-1.31,-0.37,0.0
2021-12-01,0.03188618886232173,3.23,-1.63,3.25,0.01
2022-01-01,-0.06357898164287133,-6.16,-5.93,12.86,0.0
2022-02-01,-0.023063939598551693,-2.28,2.16,3.06,0.0
2022-03-01,0.030335199796072885,3.08,-1.55,-1.9,0.0
2022-04-01,-0.0988263543068949,-9.41,-1.35,6.18,0.0
2022-05-01,-0.0031048149534787565,-0.34,-1.84,8.44,0.03
2022-06-01,-0.0870841069071134,-8.4,2.07,-6.0,0.06
2022-07-01,0.09212328887580586,9.57,2.84,-4.15,0.08
2022-08-01,-0.03645653701061521,-3.77,1.41,0.18,0.19
2022-09-01,-0.0959603911459112,-9.34,-0.76,0.03,0.19
2022-10-01,0.07770150766385203,7.85,0.01,7.97,0.23
2022-11-01,0.04821857227047444,4.65,-3.57,1.48,0.29
2022-12-01,-0.062407460128617046,-6.38,-0.76,1.34,0.33
2023-01-01,0.06728474680559626,6.61,5.01,-3.94,0.35
2023-02-01,-0.02255240447051149,-2.57,1.05,-0.8,0.34
2023-03-01,0.028004196409597344,2.48,-5.48,-9.05,0.36
2023-04-01,0.009653257028138346,0.62,-3.37,-0.12,0.35
2023-05-01,0.006975613736425138,0.34,1.6,-7.79,0.36
2023-06-01,0.06634938054153391,6.46,1.49,-0.13,0.4
2023-07-01,0.03594612677346909,3.21,2.05,4.06,0.45
2023-08-01,-0.0192847614118671,-2.36,-3.14,-1.15,0.45
2023-09-01,-0.04919024419077178,-5.23,-2.51,1.49,0.43
2023-10-01,-0.02716566807276955,-3.15,-3.86,0.2,0.47
2023-11-01,0.08910917507177585,8.88,-0.1,1.67,0.44
2023-12-01,0.05145328158891566,4.85,6.3,4.89,0.43
2024-01-01,0.011928570865273812,0.73,-5.07,-2.38,0.47
2024-02-01,0.05344597570562598,5.07,-0.24,-3.43,0.42
2024-03-01,0.0321767316952212,2.84,-2.5,4.16,0.43
2024-04-01,-0.04269875453311536,-4.65,-2.37,-0.45,0.47
2024-05-01,0.04659728537678226,4.33,0.55,-1.31,0.44
2024-06-01,0.03159556158975058,2.8,-3.0,-3.36,0.41
2024-07-01,0.01656208829897823,1.22,6.81,5.62,0.45
2024-08-01,0.020586633608388312,1.6,-3.49,-1.1,0.48
2024-09-01,0.020978406385191814,1.72,-0.13,-2.76,0.4
2024-10-01,-0.006118681008177177,-1.0,-0.99,0.86,0.39
2024-11-01,0.06663008229776296,6.49,4.46,0.16,0.4
2024-12-01,-0.028399474521698,-3.17,-2.71,-3.0,0.37
2025-01-01,0.03120792712419322,2.8,-1.97,1.63,0.37
2025-02-01,-0.02132578671475243,-2.44,-5.79,4.91,0.33
2025-03-01,-0.062407460128617046,-6.39,-2.76,2.9,0.34
2025-04-01,-0.004912044361020641,-0.84,-0.59,-3.41,0.35
2025-05-01,0.062411260121397076,6.06,0.7,-2.88,0.38
2025-06-01,0.050693114315518165,4.86,0.83,-1.61,0.34
2025-07-01,0.02293497128249599,1.98,0.27,-1.27,0.34
2025-08-01,0.021957167352042138,1.84,3.87,4.42,0.38
2025-09-01,0.03652477468237217,3.39,-1.85,-1.05,0.33
2025-10-01,0.023032699110572784,1.96,-0.55,-3.1,0.37
2025-11-01,0.001698556635581512,-0.13,0.38,3.76,0.3
2025-12-01,-0.0002000200026670447,-0.36,-1.06,2.42,0.34
2026-01-01,0.013113639145383204,1.02,2.2,3.72,0.3
2026-02-01,-0.008939841569474296,-1.17,0.14,2.83,0.28
